<?xml version="1.0" encoding="UTF-8"?>
<!DOCTYPE hibernate-configuration PUBLIC "-//Hibernate/Hibernate Configuration DTD 3.0//EN" "http://www.hibernate.org/dtd/hibernate-configuration-3.0.dtd">
<hibernate-configuration>
	<session-factory>
	
		<!-- SETTINGS -->
		<property name="hibernate.connection.driver_class">com.mysql.jdbc.Driver</property>
		<property name="connection.url">jdbc:mysql://localhost/AHK_Server</property>
<!--		<property name="hibernate.hbm2ddl.auto">update</property>-->
		<property name="connection.username">root</property>
		<property name="connection.password">1234</property>
		<property name="hibernate.dialect">org.hibernate.dialect.MySQL5Dialect</property>
		
		<!-- MAPPING -->
		<mapping class="models.Category" />
		<mapping class="models.Commentary" />
		<mapping class="models.File" />
		<mapping class="models.Subcategory" />
		<mapping class="models.User" />
		<mapping class="models.User_Subscribe_User" />
		<mapping class="models.User_Subscribe_UserId" />

	</session-factory>
</hibernate-configuration>